size	stage	time
8M	layer1	212.4276
8M	layer2	241.5404
8M	overlay	452.0184
16M	layer1	233.1228
16M	layer2	241.33180000000002
16M	overlay	435.639
24M	layer1	203.748
24M	layer2	229.1616
24M	overlay	448.42380000000003
32M	layer1	211.5484
32M	layer2	293.22633333333334
32M	overlay	473.83633333333336
