interval	time
2	26.30225080385852
3	23.729903536977492
4	19.742765273311896
5	17.073954983922828
6	15.723472668810288
8	16.045016077170416
10	15.691318327974276
12	16.109324758842444
